Type,Name,Request Count,Failure Count,Median Response Time,Average Response Time,Min Response Time,Max Response Time,Average Content Size,Requests/s,Failures/s,50%,66%,75%,80%,90%,95%,98%,99%,99.9%,99.99%,100%
GET,Biletleri Listele,19457,0,1400.0,1182.8396670627696,6.667040986940265,2950.134916987736,175.0,101.94031808770958,0.0,1400,1600,1700,1800,1900,2000,2300,2400,2800,2900,3000
GET,Kullanıcıları Listele,9730,0,1400.0,1181.443807165511,6.689083005767316,2935.7377080013976,85.0,50.97801793665079,0.0,1400,1600,1700,1800,1900,2000,2200,2400,2800,2900,2900
,Aggregated,29187,0,1400.0,1182.3743326056435,6.667040986940265,2950.134916987736,144.99691643539933,152.91833602436037,0.0,1400,1600,1700,1800,1900,2000,2200,2400,2800,2900,3000
