Type,Name,Request Count,Failure Count,Median Response Time,Average Response Time,Min Response Time,Max Response Time,Average Content Size,Requests/s,Failures/s,50%,66%,75%,80%,90%,95%,98%,99%,99.9%,99.99%,100%
GET,Biletleri Listele,19064,0,4700.0,4311.192190124872,7.03079195227474,7456.173332990147,175.0,99.32188122195954,0.0,4700,4900,5000,5100,5700,6200,6900,7100,7400,7400,7500
GET,Kullanıcıları Listele,9313,0,4600.0,4293.260083796493,7.113791012670845,7380.692332983017,85.0,48.519968517630566,0.0,4600,4900,5000,5100,5700,6100,6800,7000,7300,7400,7400
,Aggregated,28377,0,4700.0,4305.307082247521,7.03079195227474,7456.173332990147,145.4630510624802,147.84184973959012,0.0,4700,4900,5000,5100,5700,6100,6800,7100,7400,7400,7500
