Type,Name,Request Count,Failure Count,Median Response Time,Average Response Time,Min Response Time,Max Response Time,Average Content Size,Requests/s,Failures/s,50%,66%,75%,80%,90%,95%,98%,99%,99.9%,99.99%,100%
GET,Biletleri Listele,2095,0,15,28.76758264127101,6.910584052093327,493.0738750263117,175.0,33.75842894915194,0.0,15,19,22,25,32,41,300,480,490,490,490
GET,Kullanıcıları Listele,1000,0,14,29.015191446931567,6.670375005342066,483.24354202486575,85.0,16.113808567614292,0.0,14,19,23,26,34,43,290,480,480,480,480
,Aggregated,3095,0,15,28.847585486395584,6.670375005342066,493.0738750263117,145.92084006462036,49.87223751676623,0.0,15,19,23,25,32,41,300,480,490,490,490
