Type,Name,Request Count,Failure Count,Median Response Time,Average Response Time,Min Response Time,Max Response Time,Average Content Size,Requests/s,Failures/s,50%,66%,75%,80%,90%,95%,98%,99%,99.9%,99.99%,100%
GET,Biletleri Listele,3627,0,20,35.36071008177416,6.573209015186876,392.73749996209517,175.0,64.21142145533277,0.0,20,27,32,37,51,74,310,320,390,390,390
GET,Kullanıcıları Listele,1855,0,20,33.11203779920062,6.708666973281652,372.5330830202438,85.0,32.84041543965875,0.0,20,26,32,35,48,70,290,320,370,370,370
,Aggregated,5482,0,20,34.59980401023568,6.573209015186876,392.73749996209517,144.54578620941263,97.05183689499151,0.0,20,26,32,36,50,72,310,320,390,390,390
